mean_fit_time,std_fit_time,mean_score_time,std_score_time,params,split0_test_score,split1_test_score,split2_test_score,mean_test_score,std_test_score,rank_test_score
0.0016543070475260417,0.00046544168942231235,0.0013347466786702473,0.00047300004190295604,{},0.6363636363636364,0.8181818181818182,1.0,0.8181818181818182,0.1484539238050411,1
